ایستگاه,تاریخ,SO2 ppb
ستاد.بحران.منطقه7,1397/10/11,3
ستاد.بحران.منطقه7,1397/10/12,7
ستاد.بحران.منطقه7,1397/10/13,4
ستاد.بحران.منطقه7,1397/10/14,3
ستاد.بحران.منطقه7,1397/10/15,6
ستاد.بحران.منطقه7,1397/10/16,7
ستاد.بحران.منطقه7,1397/10/17,6
ستاد.بحران.منطقه7,1397/10/18,5
ستاد.بحران.منطقه7,1397/10/19,4
ستاد.بحران.منطقه7,1397/10/20,3
ستاد.بحران.منطقه7,1397/10/21,6
ستاد.بحران.منطقه7,1397/10/22,6
ستاد.بحران.منطقه7,1397/10/23,7
ستاد.بحران.منطقه7,1397/10/24,5
ستاد.بحران.منطقه7,1397/10/25,6
ستاد.بحران.منطقه7,1397/10/26,5
ستاد.بحران.منطقه7,1397/10/27,3
ستاد.بحران.منطقه7,1397/10/28,3
ستاد.بحران.منطقه7,1397/10/29,3
ستاد.بحران.منطقه7,1397/10/30,6
ستاد.بحران.منطقه7,1397/11/01,7
ستاد.بحران.منطقه7,1397/11/02,6
ستاد.بحران.منطقه7,1397/11/03,6
ستاد.بحران.منطقه7,1397/11/04,6
ستاد.بحران.منطقه7,1397/11/05,4
ستاد.بحران.منطقه7,1397/11/06,4
ستاد.بحران.منطقه7,1397/11/07,5
ستاد.بحران.منطقه7,1397/11/08,4
ستاد.بحران.منطقه7,1397/11/09,3
ستاد.بحران.منطقه7,1397/11/10,3
ستاد.بحران.منطقه7,1397/11/11,3
ستاد.بحران.منطقه7,1397/11/12,3
ستاد.بحران.منطقه7,1397/11/13,3
ستاد.بحران.منطقه7,1397/11/14,3
ستاد.بحران.منطقه7,1397/11/15,3
ستاد.بحران.منطقه7,1397/11/16,5
ستاد.بحران.منطقه7,1397/11/17,5
ستاد.بحران.منطقه7,1397/11/18,7
ستاد.بحران.منطقه7,1397/11/19,9
ستاد.بحران.منطقه7,1397/11/20,6
ستاد.بحران.منطقه7,1397/11/21,4
ستاد.بحران.منطقه7,1397/11/22,3
ستاد.بحران.منطقه7,1397/11/23,3
ستاد.بحران.منطقه7,1397/11/24,6
ستاد.بحران.منطقه7,1397/11/25,7
ستاد.بحران.منطقه7,1397/11/26,6
ستاد.بحران.منطقه7,1397/11/27,3
ستاد.بحران.منطقه7,1397/11/28,3
ستاد.بحران.منطقه7,1397/11/29,3
ستاد.بحران.منطقه7,1397/11/30,4
ستاد.بحران.منطقه7,1397/12/01,4
ستاد.بحران.منطقه7,1397/12/02,5
ستاد.بحران.منطقه7,1397/12/03,4
ستاد.بحران.منطقه7,1397/12/04,4
ستاد.بحران.منطقه7,1397/12/05,6
ستاد.بحران.منطقه7,1397/12/06,4
ستاد.بحران.منطقه7,1397/12/07,8
ستاد.بحران.منطقه7,1397/12/08,4
ستاد.بحران.منطقه7,1397/12/09,3
ستاد.بحران.منطقه7,1397/12/10,3
ستاد.بحران.منطقه7,1397/12/11,4
ستاد.بحران.منطقه7,1397/12/12,4
ستاد.بحران.منطقه7,1397/12/13,6
ستاد.بحران.منطقه7,1397/12/14,3
ستاد.بحران.منطقه7,1397/12/15,5
ستاد.بحران.منطقه7,1397/12/16,4
ستاد.بحران.منطقه7,1397/12/17,3
ستاد.بحران.منطقه7,1397/12/18,3
ستاد.بحران.منطقه7,1397/12/19,7
ستاد.بحران.منطقه7,1397/12/20,9
ستاد.بحران.منطقه7,1397/12/21,6
ستاد.بحران.منطقه7,1397/12/22,8
ستاد.بحران.منطقه7,1397/12/23,7
ستاد.بحران.منطقه7,1397/12/24,3
ستاد.بحران.منطقه7,1397/12/25,3
ستاد.بحران.منطقه7,1397/12/26,3
ستاد.بحران.منطقه7,1397/12/27,3
ستاد.بحران.منطقه7,1397/12/28,3
ستاد.بحران.منطقه7,1397/12/29,5
ستاد.بحران.منطقه7,1398/01/01,3
ستاد.بحران.منطقه7,1398/01/02,3
ستاد.بحران.منطقه7,1398/01/03,4
ستاد.بحران.منطقه7,1398/01/04,3
ستاد.بحران.منطقه7,1398/01/05,3
ستاد.بحران.منطقه7,1398/01/06,3
ستاد.بحران.منطقه7,1398/01/07,2
ستاد.بحران.منطقه7,1398/01/08,3
ستاد.بحران.منطقه7,1398/01/09,2
ستاد.بحران.منطقه7,1398/01/10,3
ستاد.بحران.منطقه7,1398/01/11,3
ستاد.بحران.منطقه7,1398/01/12,2
ستاد.بحران.منطقه7,1398/01/13,3
ستاد.بحران.منطقه7,1398/01/14,3
ستاد.بحران.منطقه7,1398/01/15,3
ستاد.بحران.منطقه7,1398/01/16,4
ستاد.بحران.منطقه7,1398/01/17,3
ستاد.بحران.منطقه7,1398/01/18,3
ستاد.بحران.منطقه7,1398/01/19,3
ستاد.بحران.منطقه7,1398/01/20,3
ستاد.بحران.منطقه7,1398/01/21,3
ستاد.بحران.منطقه7,1398/01/22,3
ستاد.بحران.منطقه7,1398/01/23,3
ستاد.بحران.منطقه7,1398/01/24,3
ستاد.بحران.منطقه7,1398/01/25,3
ستاد.بحران.منطقه7,1398/01/26,3
ستاد.بحران.منطقه7,1398/01/27,6
ستاد.بحران.منطقه7,1398/01/28,4
ستاد.بحران.منطقه7,1398/01/29,4
ستاد.بحران.منطقه7,1398/01/30,3
ستاد.بحران.منطقه7,1398/01/31,3
ستاد.بحران.منطقه7,1398/02/01,3
ستاد.بحران.منطقه7,1398/02/02,4
ستاد.بحران.منطقه7,1398/02/03,4
ستاد.بحران.منطقه7,1398/02/04,3
ستاد.بحران.منطقه7,1398/02/05,4
ستاد.بحران.منطقه7,1398/02/06,3
ستاد.بحران.منطقه7,1398/02/07,4
ستاد.بحران.منطقه7,1398/02/08,4
ستاد.بحران.منطقه7,1398/02/09,5
ستاد.بحران.منطقه7,1398/02/10,3
ستاد.بحران.منطقه7,1398/02/11,4
ستاد.بحران.منطقه7,1398/02/12,4
ستاد.بحران.منطقه7,1398/02/13,3
ستاد.بحران.منطقه7,1398/02/14,3
ستاد.بحران.منطقه7,1398/02/15,3
ستاد.بحران.منطقه7,1398/02/16,3
ستاد.بحران.منطقه7,1398/02/17,3
ستاد.بحران.منطقه7,1398/02/18,3
ستاد.بحران.منطقه7,1398/02/19,3
ستاد.بحران.منطقه7,1398/02/20,3
ستاد.بحران.منطقه7,1398/02/21,3
ستاد.بحران.منطقه7,1398/02/22,3
ستاد.بحران.منطقه7,1398/02/23,3
ستاد.بحران.منطقه7,1398/02/24,3
ستاد.بحران.منطقه7,1398/02/25,3
ستاد.بحران.منطقه7,1398/02/26,3
ستاد.بحران.منطقه7,1398/02/27,4
ستاد.بحران.منطقه7,1398/02/28,4
ستاد.بحران.منطقه7,1398/02/29,5
ستاد.بحران.منطقه7,1398/02/30,3
ستاد.بحران.منطقه7,1398/02/31,4
ستاد.بحران.منطقه7,1398/03/01,5
ستاد.بحران.منطقه7,1398/03/02,3
ستاد.بحران.منطقه7,1398/03/03,4
ستاد.بحران.منطقه7,1398/03/04,3
ستاد.بحران.منطقه7,1398/03/05,3
ستاد.بحران.منطقه7,1398/03/06,3
ستاد.بحران.منطقه7,1398/03/07,3
ستاد.بحران.منطقه7,1398/03/08,4
ستاد.بحران.منطقه7,1398/03/09,2
ستاد.بحران.منطقه7,1398/03/10,3
ستاد.بحران.منطقه7,1398/03/11,3
ستاد.بحران.منطقه7,1398/03/12,3
ستاد.بحران.منطقه7,1398/03/13,3
ستاد.بحران.منطقه7,1398/03/14,4
ستاد.بحران.منطقه7,1398/03/15,3
ستاد.بحران.منطقه7,1398/03/16,3
ستاد.بحران.منطقه7,1398/03/17,3
ستاد.بحران.منطقه7,1398/03/18,3
ستاد.بحران.منطقه7,1398/03/19,3
ستاد.بحران.منطقه7,1398/03/20,4
ستاد.بحران.منطقه7,1398/03/21,4
ستاد.بحران.منطقه7,1398/03/22,4
ستاد.بحران.منطقه7,1398/03/23,3
ستاد.بحران.منطقه7,1398/03/24,3
ستاد.بحران.منطقه7,1398/03/25,3
ستاد.بحران.منطقه7,1398/03/26,4
ستاد.بحران.منطقه7,1398/03/27,4
ستاد.بحران.منطقه7,1398/03/28,4
ستاد.بحران.منطقه7,1398/03/29,4
ستاد.بحران.منطقه7,1398/03/30,3
ستاد.بحران.منطقه7,1398/03/31,3
ستاد.بحران.منطقه7,1398/04/01,4
ستاد.بحران.منطقه7,1398/04/02,4
ستاد.بحران.منطقه7,1398/04/03,4
ستاد.بحران.منطقه7,1398/04/04,4
ستاد.بحران.منطقه7,1398/04/05,5
ستاد.بحران.منطقه7,1398/04/06,4
ستاد.بحران.منطقه7,1398/04/07,4
ستاد.بحران.منطقه7,1398/04/08,4
ستاد.بحران.منطقه7,1398/04/09,4
ستاد.بحران.منطقه7,1398/04/10,4
ستاد.بحران.منطقه7,1398/04/11,4
ستاد.بحران.منطقه7,1398/04/12,5
ستاد.بحران.منطقه7,1398/04/13,4
ستاد.بحران.منطقه7,1398/04/14,5
ستاد.بحران.منطقه7,1398/04/15,5
ستاد.بحران.منطقه7,1398/04/16,4
ستاد.بحران.منطقه7,1398/04/17,4
ستاد.بحران.منطقه7,1398/04/18,5
ستاد.بحران.منطقه7,1398/04/19,4
ستاد.بحران.منطقه7,1398/04/20,4
ستاد.بحران.منطقه7,1398/04/21,4
ستاد.بحران.منطقه7,1398/04/22,4
ستاد.بحران.منطقه7,1398/04/23,4
ستاد.بحران.منطقه7,1398/04/24,5
ستاد.بحران.منطقه7,1398/04/25,4
ستاد.بحران.منطقه7,1398/04/26,5
ستاد.بحران.منطقه7,1398/04/27,4
ستاد.بحران.منطقه7,1398/04/28,5
ستاد.بحران.منطقه7,1398/04/29,5
ستاد.بحران.منطقه7,1398/04/30,4
ستاد.بحران.منطقه7,1398/04/31,3
ستاد.بحران.منطقه7,1398/05/01,5
ستاد.بحران.منطقه7,1398/05/02,5
ستاد.بحران.منطقه7,1398/05/03,6
ستاد.بحران.منطقه7,1398/05/04,6
ستاد.بحران.منطقه7,1398/05/05,7
ستاد.بحران.منطقه7,1398/05/06,3
ستاد.بحران.منطقه7,1398/05/07,5
ستاد.بحران.منطقه7,1398/05/08,4
ستاد.بحران.منطقه7,1398/05/09,4
ستاد.بحران.منطقه7,1398/05/10,3
ستاد.بحران.منطقه7,1398/05/11,4
ستاد.بحران.منطقه7,1398/05/12,3
ستاد.بحران.منطقه7,1398/05/13,5
ستاد.بحران.منطقه7,1398/05/14,4
ستاد.بحران.منطقه7,1398/05/15,5
ستاد.بحران.منطقه7,1398/05/16,5
ستاد.بحران.منطقه7,1398/05/17,4
ستاد.بحران.منطقه7,1398/05/18,5
ستاد.بحران.منطقه7,1398/05/19,4
ستاد.بحران.منطقه7,1398/05/20,3
ستاد.بحران.منطقه7,1398/05/21,3
ستاد.بحران.منطقه7,1398/05/22,4
ستاد.بحران.منطقه7,1398/05/23,4
ستاد.بحران.منطقه7,1398/05/24,4
ستاد.بحران.منطقه7,1398/05/25,4
ستاد.بحران.منطقه7,1398/05/26,5
ستاد.بحران.منطقه7,1398/05/27,4
ستاد.بحران.منطقه7,1398/05/28,6
ستاد.بحران.منطقه7,1398/05/29,6
ستاد.بحران.منطقه7,1398/05/30,5
ستاد.بحران.منطقه7,1398/05/31,5
ستاد.بحران.منطقه7,1398/06/01,4
ستاد.بحران.منطقه7,1398/06/02,4
ستاد.بحران.منطقه7,1398/06/03,4
ستاد.بحران.منطقه7,1398/06/04,5
ستاد.بحران.منطقه7,1398/06/05,6
ستاد.بحران.منطقه7,1398/06/06,5
ستاد.بحران.منطقه7,1398/06/07,4
ستاد.بحران.منطقه7,1398/06/08,4
ستاد.بحران.منطقه7,1398/06/09,4
ستاد.بحران.منطقه7,1398/06/10,5
ستاد.بحران.منطقه7,1398/06/11,5
ستاد.بحران.منطقه7,1398/06/12,5
ستاد.بحران.منطقه7,1398/06/13,4
ستاد.بحران.منطقه7,1398/06/14,5
ستاد.بحران.منطقه7,1398/06/15,5
ستاد.بحران.منطقه7,1398/06/16,3
ستاد.بحران.منطقه7,1398/06/17,4
ستاد.بحران.منطقه7,1398/06/18,4
ستاد.بحران.منطقه7,1398/06/19,4
ستاد.بحران.منطقه7,1398/06/20,5
ستاد.بحران.منطقه7,1398/06/21,4
ستاد.بحران.منطقه7,1398/06/22,4
ستاد.بحران.منطقه7,1398/06/23,4
ستاد.بحران.منطقه7,1398/06/24,6
ستاد.بحران.منطقه7,1398/06/25,4
ستاد.بحران.منطقه7,1398/06/26,3
ستاد.بحران.منطقه7,1398/06/27,3
ستاد.بحران.منطقه7,1398/06/28,4
ستاد.بحران.منطقه7,1398/06/29,3
ستاد.بحران.منطقه7,1398/06/30,3
ستاد.بحران.منطقه7,1398/06/31,3
ستاد.بحران.منطقه7,1398/07/01,6
ستاد.بحران.منطقه7,1398/07/02,4
ستاد.بحران.منطقه7,1398/07/03,4
ستاد.بحران.منطقه7,1398/07/04,4
ستاد.بحران.منطقه7,1398/07/05,4
ستاد.بحران.منطقه7,1398/07/06,5
ستاد.بحران.منطقه7,1398/07/07,5
ستاد.بحران.منطقه7,1398/07/08,4
ستاد.بحران.منطقه7,1398/07/09,6
ستاد.بحران.منطقه7,1398/07/10,6
ستاد.بحران.منطقه7,1398/07/11,5
ستاد.بحران.منطقه7,1398/07/12,5
ستاد.بحران.منطقه7,1398/07/13,3
ستاد.بحران.منطقه7,1398/07/14,5
ستاد.بحران.منطقه7,1398/07/15,5
ستاد.بحران.منطقه7,1398/07/16,4
ستاد.بحران.منطقه7,1398/07/17,4
ستاد.بحران.منطقه7,1398/07/18,4
ستاد.بحران.منطقه7,1398/07/19,4
ستاد.بحران.منطقه7,1398/07/20,4
ستاد.بحران.منطقه7,1398/07/21,4
ستاد.بحران.منطقه7,1398/07/22,3
ستاد.بحران.منطقه7,1398/07/23,3
ستاد.بحران.منطقه7,1398/07/24,3
ستاد.بحران.منطقه7,1398/07/25,3
ستاد.بحران.منطقه7,1398/07/26,3
ستاد.بحران.منطقه7,1398/07/27,2
ستاد.بحران.منطقه7,1398/07/28,3
ستاد.بحران.منطقه7,1398/07/29,5
ستاد.بحران.منطقه7,1398/07/30,3
ستاد.بحران.منطقه7,1398/08/01,4
ستاد.بحران.منطقه7,1398/08/02,3
ستاد.بحران.منطقه7,1398/08/03,2
ستاد.بحران.منطقه7,1398/08/04,3
ستاد.بحران.منطقه7,1398/08/05,3
ستاد.بحران.منطقه7,1398/08/06,3
ستاد.بحران.منطقه7,1398/08/07,4
ستاد.بحران.منطقه7,1398/08/08,4
ستاد.بحران.منطقه7,1398/08/09,3
ستاد.بحران.منطقه7,1398/08/10,3
ستاد.بحران.منطقه7,1398/08/11,4
ستاد.بحران.منطقه7,1398/08/12,4
ستاد.بحران.منطقه7,1398/08/13,3
ستاد.بحران.منطقه7,1398/08/14,4
ستاد.بحران.منطقه7,1398/08/15,4
ستاد.بحران.منطقه7,1398/08/16,5
ستاد.بحران.منطقه7,1398/08/17,3
ستاد.بحران.منطقه7,1398/08/18,4
ستاد.بحران.منطقه7,1398/08/19,4
ستاد.بحران.منطقه7,1398/08/20,5
ستاد.بحران.منطقه7,1398/08/21,4
ستاد.بحران.منطقه7,1398/08/22,4
ستاد.بحران.منطقه7,1398/08/23,5
ستاد.بحران.منطقه7,1398/08/24,4
ستاد.بحران.منطقه7,1398/08/25,3
ستاد.بحران.منطقه7,1398/08/26,3
ستاد.بحران.منطقه7,1398/08/27,4
ستاد.بحران.منطقه7,1398/08/28,4
ستاد.بحران.منطقه7,1398/08/29,4
ستاد.بحران.منطقه7,1398/08/30,3
ستاد.بحران.منطقه7,1398/09/01,4
ستاد.بحران.منطقه7,1398/09/02,4
ستاد.بحران.منطقه7,1398/09/03,3
ستاد.بحران.منطقه7,1398/09/04,4
ستاد.بحران.منطقه7,1398/09/05,4
ستاد.بحران.منطقه7,1398/09/06,7
ستاد.بحران.منطقه7,1398/09/07,6
ستاد.بحران.منطقه7,1398/09/08,7
ستاد.بحران.منطقه7,1398/09/09,5
ستاد.بحران.منطقه7,1398/09/10,5
ستاد.بحران.منطقه7,1398/09/11,6
ستاد.بحران.منطقه7,1398/09/12,4
ستاد.بحران.منطقه7,1398/09/13,4
ستاد.بحران.منطقه7,1398/09/14,4
ستاد.بحران.منطقه7,1398/09/15,3
ستاد.بحران.منطقه7,1398/09/16,3
ستاد.بحران.منطقه7,1398/09/17,3
ستاد.بحران.منطقه7,1398/09/18,4
ستاد.بحران.منطقه7,1398/09/19,4
ستاد.بحران.منطقه7,1398/09/20,4
ستاد.بحران.منطقه7,1398/09/21,4
ستاد.بحران.منطقه7,1398/09/22,4
ستاد.بحران.منطقه7,1398/09/23,4
ستاد.بحران.منطقه7,1398/09/24,4
ستاد.بحران.منطقه7,1398/09/25,5
ستاد.بحران.منطقه7,1398/09/26,4
ستاد.بحران.منطقه7,1398/09/27,4
ستاد.بحران.منطقه7,1398/09/28,4
ستاد.بحران.منطقه7,1398/09/29,3
ستاد.بحران.منطقه7,1398/09/30,5
ستاد.بحران.منطقه7,1398/10/01,8
ستاد.بحران.منطقه7,1398/10/02,6
ستاد.بحران.منطقه7,1398/10/03,7
ستاد.بحران.منطقه7,1398/10/04,6
ستاد.بحران.منطقه7,1398/10/05,5
ستاد.بحران.منطقه7,1398/10/06,5
ستاد.بحران.منطقه7,1398/10/07,4
ستاد.بحران.منطقه7,1398/10/08,4
ستاد.بحران.منطقه7,1398/10/09,3
ستاد.بحران.منطقه7,1398/10/10,5
ستاد.بحران.منطقه7,1398/10/11,4
ستاد.بحران.منطقه7,1398/10/12,4
ستاد.بحران.منطقه7,1398/10/13,6
ستاد.بحران.منطقه7,1398/10/14,5
ستاد.بحران.منطقه7,1398/10/15,3
ستاد.بحران.منطقه7,1398/10/17,5
ستاد.بحران.منطقه7,1398/10/18,4
ستاد.بحران.منطقه7,1398/10/19,3
ستاد.بحران.منطقه7,1398/10/20,3
ستاد.بحران.منطقه7,1398/10/21,3
ستاد.بحران.منطقه7,1398/10/22,4
ستاد.بحران.منطقه7,1398/10/23,6
ستاد.بحران.منطقه7,1398/10/24,5
ستاد.بحران.منطقه7,1398/10/25,5
ستاد.بحران.منطقه7,1398/10/26,6
ستاد.بحران.منطقه7,1398/10/27,4
ستاد.بحران.منطقه7,1398/10/28,5
ستاد.بحران.منطقه7,1398/10/29,4
ستاد.بحران.منطقه7,1398/10/30,5
ستاد.بحران.منطقه7,1398/11/01,4
ستاد.بحران.منطقه7,1398/11/02,4
ستاد.بحران.منطقه7,1398/11/03,3
ستاد.بحران.منطقه7,1398/11/04,4
ستاد.بحران.منطقه7,1398/11/05,5
ستاد.بحران.منطقه7,1398/11/06,3
ستاد.بحران.منطقه7,1398/11/07,4
ستاد.بحران.منطقه7,1398/11/08,8
ستاد.بحران.منطقه7,1398/11/09,9
ستاد.بحران.منطقه7,1398/11/10,8
ستاد.بحران.منطقه7,1398/11/11,6
ستاد.بحران.منطقه7,1398/11/12,4
ستاد.بحران.منطقه7,1398/11/13,5
ستاد.بحران.منطقه7,1398/11/14,6
ستاد.بحران.منطقه7,1398/11/15,5
ستاد.بحران.منطقه7,1398/11/16,4
ستاد.بحران.منطقه7,1398/11/17,6
ستاد.بحران.منطقه7,1398/11/18,4
ستاد.بحران.منطقه7,1398/11/19,5
ستاد.بحران.منطقه7,1398/11/20,4
ستاد.بحران.منطقه7,1398/11/21,4
ستاد.بحران.منطقه7,1398/11/22,4
ستاد.بحران.منطقه7,1398/11/23,5
ستاد.بحران.منطقه7,1398/11/24,6
ستاد.بحران.منطقه7,1398/11/25,3
ستاد.بحران.منطقه7,1398/11/26,4
ستاد.بحران.منطقه7,1398/11/27,4
ستاد.بحران.منطقه7,1398/11/28,5
ستاد.بحران.منطقه7,1398/11/29,6
ستاد.بحران.منطقه7,1398/11/30,4
ستاد.بحران.منطقه7,1398/12/01,4
ستاد.بحران.منطقه7,1398/12/02,3
ستاد.بحران.منطقه7,1398/12/03,3
ستاد.بحران.منطقه7,1398/12/04,4
ستاد.بحران.منطقه7,1398/12/05,4
ستاد.بحران.منطقه7,1398/12/06,3
ستاد.بحران.منطقه7,1398/12/07,3
ستاد.بحران.منطقه7,1398/12/08,3
ستاد.بحران.منطقه7,1398/12/09,5
ستاد.بحران.منطقه7,1398/12/10,5
ستاد.بحران.منطقه7,1398/12/11,3
ستاد.بحران.منطقه7,1398/12/12,3
ستاد.بحران.منطقه7,1398/12/13,3
ستاد.بحران.منطقه7,1398/12/14,3
ستاد.بحران.منطقه7,1398/12/15,4
ستاد.بحران.منطقه7,1398/12/16,4
ستاد.بحران.منطقه7,1398/12/17,4
ستاد.بحران.منطقه7,1398/12/18,4
ستاد.بحران.منطقه7,1398/12/19,3
ستاد.بحران.منطقه7,1398/12/20,3
ستاد.بحران.منطقه7,1398/12/21,6
ستاد.بحران.منطقه7,1398/12/22,5
ستاد.بحران.منطقه7,1398/12/23,5
ستاد.بحران.منطقه7,1398/12/24,4
ستاد.بحران.منطقه7,1398/12/25,3
ستاد.بحران.منطقه7,1398/12/26,4
ستاد.بحران.منطقه7,1398/12/27,3
ستاد.بحران.منطقه7,1398/12/28,3
ستاد.بحران.منطقه7,1398/12/29,3
ستاد.بحران.منطقه7,1399/01/01,3
ستاد.بحران.منطقه7,1399/01/02,3
ستاد.بحران.منطقه7,1399/01/03,3
ستاد.بحران.منطقه7,1399/01/04,3
ستاد.بحران.منطقه7,1399/01/05,4
ستاد.بحران.منطقه7,1399/01/06,4
ستاد.بحران.منطقه7,1399/01/07,3
ستاد.بحران.منطقه7,1399/01/08,4
ستاد.بحران.منطقه7,1399/01/09,4
ستاد.بحران.منطقه7,1399/01/10,3
ستاد.بحران.منطقه7,1399/01/11,3
ستاد.بحران.منطقه7,1399/01/12,3
ستاد.بحران.منطقه7,1399/01/13,3
ستاد.بحران.منطقه7,1399/01/14,3
ستاد.بحران.منطقه7,1399/01/15,4
ستاد.بحران.منطقه7,1399/01/16,3
ستاد.بحران.منطقه7,1399/01/17,3
ستاد.بحران.منطقه7,1399/01/18,4
ستاد.بحران.منطقه7,1399/01/19,2
ستاد.بحران.منطقه7,1399/01/20,3
ستاد.بحران.منطقه7,1399/01/21,3
ستاد.بحران.منطقه7,1399/01/22,3
ستاد.بحران.منطقه7,1399/01/23,3
ستاد.بحران.منطقه7,1399/01/24,2
ستاد.بحران.منطقه7,1399/01/25,4
ستاد.بحران.منطقه7,1399/01/26,3
ستاد.بحران.منطقه7,1399/01/27,3
ستاد.بحران.منطقه7,1399/01/28,3
ستاد.بحران.منطقه7,1399/01/29,3
ستاد.بحران.منطقه7,1399/01/30,3
ستاد.بحران.منطقه7,1399/01/31,3
ستاد.بحران.منطقه7,1399/02/01,3
ستاد.بحران.منطقه7,1399/02/02,2
ستاد.بحران.منطقه7,1399/02/03,3
ستاد.بحران.منطقه7,1399/02/04,4
ستاد.بحران.منطقه7,1399/02/05,3
ستاد.بحران.منطقه7,1399/02/06,3
ستاد.بحران.منطقه7,1399/02/07,3
ستاد.بحران.منطقه7,1399/02/08,3
ستاد.بحران.منطقه7,1399/02/09,2
ستاد.بحران.منطقه7,1399/02/10,3
ستاد.بحران.منطقه7,1399/02/11,2
ستاد.بحران.منطقه7,1399/02/12,3
ستاد.بحران.منطقه7,1399/02/13,4
ستاد.بحران.منطقه7,1399/02/14,3
ستاد.بحران.منطقه7,1399/02/15,2
ستاد.بحران.منطقه7,1399/02/16,3
ستاد.بحران.منطقه7,1399/02/17,3
ستاد.بحران.منطقه7,1399/02/18,3
ستاد.بحران.منطقه7,1399/02/19,3
ستاد.بحران.منطقه7,1399/02/20,3
ستاد.بحران.منطقه7,1399/02/21,3
ستاد.بحران.منطقه7,1399/02/22,3
ستاد.بحران.منطقه7,1399/02/23,3
ستاد.بحران.منطقه7,1399/02/24,3
ستاد.بحران.منطقه7,1399/02/25,3
ستاد.بحران.منطقه7,1399/02/26,3
ستاد.بحران.منطقه7,1399/02/27,3
ستاد.بحران.منطقه7,1399/02/28,3
ستاد.بحران.منطقه7,1399/02/29,3
ستاد.بحران.منطقه7,1399/02/30,4
ستاد.بحران.منطقه7,1399/02/31,2
ستاد.بحران.منطقه7,1399/03/01,3
ستاد.بحران.منطقه7,1399/03/02,3
ستاد.بحران.منطقه7,1399/03/03,2
ستاد.بحران.منطقه7,1399/03/04,3
ستاد.بحران.منطقه7,1399/03/05,3
ستاد.بحران.منطقه7,1399/03/06,3
ستاد.بحران.منطقه7,1399/03/07,3
ستاد.بحران.منطقه7,1399/03/08,3
ستاد.بحران.منطقه7,1399/03/09,3
ستاد.بحران.منطقه7,1399/03/10,3
ستاد.بحران.منطقه7,1399/03/11,3
ستاد.بحران.منطقه7,1399/03/12,3
ستاد.بحران.منطقه7,1399/03/13,4
ستاد.بحران.منطقه7,1399/03/14,3
ستاد.بحران.منطقه7,1399/03/15,3
ستاد.بحران.منطقه7,1399/03/16,3
ستاد.بحران.منطقه7,1399/03/17,4
ستاد.بحران.منطقه7,1399/03/18,3
ستاد.بحران.منطقه7,1399/03/19,4
ستاد.بحران.منطقه7,1399/03/20,3
ستاد.بحران.منطقه7,1399/03/21,2
ستاد.بحران.منطقه7,1399/03/22,5
ستاد.بحران.منطقه7,1399/03/23,3
ستاد.بحران.منطقه7,1399/03/24,4
ستاد.بحران.منطقه7,1399/03/25,5
ستاد.بحران.منطقه7,1399/03/26,4
ستاد.بحران.منطقه7,1399/03/27,3
ستاد.بحران.منطقه7,1399/03/28,4
ستاد.بحران.منطقه7,1399/03/29,3
ستاد.بحران.منطقه7,1399/03/30,4
ستاد.بحران.منطقه7,1399/03/31,5
ستاد.بحران.منطقه7,1399/04/01,4
ستاد.بحران.منطقه7,1399/04/02,3
ستاد.بحران.منطقه7,1399/04/03,3
ستاد.بحران.منطقه7,1399/04/04,6
ستاد.بحران.منطقه7,1399/04/05,4
ستاد.بحران.منطقه7,1399/04/06,4
ستاد.بحران.منطقه7,1399/04/07,4
ستاد.بحران.منطقه7,1399/04/08,4
ستاد.بحران.منطقه7,1399/04/09,3
ستاد.بحران.منطقه7,1399/04/10,7
ستاد.بحران.منطقه7,1399/04/11,5
ستاد.بحران.منطقه7,1399/04/12,4
ستاد.بحران.منطقه7,1399/04/13,2
ستاد.بحران.منطقه7,1399/04/14,5
ستاد.بحران.منطقه7,1399/04/15,6
ستاد.بحران.منطقه7,1399/04/16,4
ستاد.بحران.منطقه7,1399/04/17,3
ستاد.بحران.منطقه7,1399/04/18,5
ستاد.بحران.منطقه7,1399/04/19,3
ستاد.بحران.منطقه7,1399/04/20,3
ستاد.بحران.منطقه7,1399/04/21,5
ستاد.بحران.منطقه7,1399/04/22,5
ستاد.بحران.منطقه7,1399/04/23,3
ستاد.بحران.منطقه7,1399/04/24,2
ستاد.بحران.منطقه7,1399/04/25,4
ستاد.بحران.منطقه7,1399/04/26,4
ستاد.بحران.منطقه7,1399/04/27,5
ستاد.بحران.منطقه7,1399/04/28,5
ستاد.بحران.منطقه7,1399/04/29,4
ستاد.بحران.منطقه7,1399/04/30,5
ستاد.بحران.منطقه7,1399/04/31,5
ستاد.بحران.منطقه7,1399/05/01,4
ستاد.بحران.منطقه7,1399/05/02,4
ستاد.بحران.منطقه7,1399/05/03,4
ستاد.بحران.منطقه7,1399/05/04,3
ستاد.بحران.منطقه7,1399/05/05,4
ستاد.بحران.منطقه7,1399/05/06,3
ستاد.بحران.منطقه7,1399/05/07,3
ستاد.بحران.منطقه7,1399/05/08,4
ستاد.بحران.منطقه7,1399/05/09,4
ستاد.بحران.منطقه7,1399/05/10,4
ستاد.بحران.منطقه7,1399/05/11,3
ستاد.بحران.منطقه7,1399/05/12,3
ستاد.بحران.منطقه7,1399/05/13,4
ستاد.بحران.منطقه7,1399/05/14,4
ستاد.بحران.منطقه7,1399/05/15,3
ستاد.بحران.منطقه7,1399/05/16,5
ستاد.بحران.منطقه7,1399/05/17,3
ستاد.بحران.منطقه7,1399/05/18,4
ستاد.بحران.منطقه7,1399/05/19,5
ستاد.بحران.منطقه7,1399/05/20,4
ستاد.بحران.منطقه7,1399/05/21,5
ستاد.بحران.منطقه7,1399/05/22,4
ستاد.بحران.منطقه7,1399/05/23,4
ستاد.بحران.منطقه7,1399/05/24,3
ستاد.بحران.منطقه7,1399/05/25,4
ستاد.بحران.منطقه7,1399/05/26,4
ستاد.بحران.منطقه7,1399/05/27,4
ستاد.بحران.منطقه7,1399/05/28,6
ستاد.بحران.منطقه7,1399/05/29,4
ستاد.بحران.منطقه7,1399/05/30,7
ستاد.بحران.منطقه7,1399/05/31,5
ستاد.بحران.منطقه7,1399/06/01,5
ستاد.بحران.منطقه7,1399/06/02,4
ستاد.بحران.منطقه7,1399/06/03,4
ستاد.بحران.منطقه7,1399/06/04,5
ستاد.بحران.منطقه7,1399/06/05,11
ستاد.بحران.منطقه7,1399/06/06,8
ستاد.بحران.منطقه7,1399/06/07,8
ستاد.بحران.منطقه7,1399/06/08,10
ستاد.بحران.منطقه7,1399/06/09,15
ستاد.بحران.منطقه7,1399/06/10,16
ستاد.بحران.منطقه7,1399/06/11,18
ستاد.بحران.منطقه7,1399/06/12,8
ستاد.بحران.منطقه7,1399/06/13,6
ستاد.بحران.منطقه7,1399/06/14,5
ستاد.بحران.منطقه7,1399/06/15,5
ستاد.بحران.منطقه7,1399/06/16,5
ستاد.بحران.منطقه7,1399/06/17,4
ستاد.بحران.منطقه7,1399/06/18,5
ستاد.بحران.منطقه7,1399/06/19,6
ستاد.بحران.منطقه7,1399/06/20,6
ستاد.بحران.منطقه7,1399/06/21,11
ستاد.بحران.منطقه7,1399/06/22,4
ستاد.بحران.منطقه7,1399/06/23,4
ستاد.بحران.منطقه7,1399/06/24,5
ستاد.بحران.منطقه7,1399/06/25,5
ستاد.بحران.منطقه7,1399/06/26,6
ستاد.بحران.منطقه7,1399/06/27,7
ستاد.بحران.منطقه7,1399/06/28,6
ستاد.بحران.منطقه7,1399/06/29,8
ستاد.بحران.منطقه7,1399/06/30,5
ستاد.بحران.منطقه7,1399/06/31,6
ستاد.بحران.منطقه7,1399/07/01,6
ستاد.بحران.منطقه7,1399/07/02,6
ستاد.بحران.منطقه7,1399/07/03,4
ستاد.بحران.منطقه7,1399/07/04,4
ستاد.بحران.منطقه7,1399/07/05,7
ستاد.بحران.منطقه7,1399/07/06,6
ستاد.بحران.منطقه7,1399/07/07,4
ستاد.بحران.منطقه7,1399/07/08,5
ستاد.بحران.منطقه7,1399/07/09,4
ستاد.بحران.منطقه7,1399/07/10,6
ستاد.بحران.منطقه7,1399/07/11,6
ستاد.بحران.منطقه7,1399/07/12,6
ستاد.بحران.منطقه7,1399/07/13,4
ستاد.بحران.منطقه7,1399/07/14,3
ستاد.بحران.منطقه7,1399/07/15,3
ستاد.بحران.منطقه7,1399/07/16,4
ستاد.بحران.منطقه7,1399/07/17,4
ستاد.بحران.منطقه7,1399/07/18,3
ستاد.بحران.منطقه7,1399/07/19,4
ستاد.بحران.منطقه7,1399/07/20,4
ستاد.بحران.منطقه7,1399/07/21,5
ستاد.بحران.منطقه7,1399/07/22,5
ستاد.بحران.منطقه7,1399/07/23,6
ستاد.بحران.منطقه7,1399/07/24,4
ستاد.بحران.منطقه7,1399/07/25,3
ستاد.بحران.منطقه7,1399/07/26,4
ستاد.بحران.منطقه7,1399/07/27,4
ستاد.بحران.منطقه7,1399/07/28,4
ستاد.بحران.منطقه7,1399/07/29,5
ستاد.بحران.منطقه7,1399/07/30,4
ستاد.بحران.منطقه7,1399/08/01,3
ستاد.بحران.منطقه7,1399/08/02,4
ستاد.بحران.منطقه7,1399/08/03,4
ستاد.بحران.منطقه7,1399/08/04,4
ستاد.بحران.منطقه7,1399/08/05,3
ستاد.بحران.منطقه7,1399/08/06,5
ستاد.بحران.منطقه7,1399/08/07,4
ستاد.بحران.منطقه7,1399/08/08,4
ستاد.بحران.منطقه7,1399/08/09,4
ستاد.بحران.منطقه7,1399/08/10,4
ستاد.بحران.منطقه7,1399/08/11,5
ستاد.بحران.منطقه7,1399/08/12,6
ستاد.بحران.منطقه7,1399/08/13,8
ستاد.بحران.منطقه7,1399/08/14,6
ستاد.بحران.منطقه7,1399/08/15,5
ستاد.بحران.منطقه7,1399/08/16,4
ستاد.بحران.منطقه7,1399/08/17,7
ستاد.بحران.منطقه7,1399/08/18,3
ستاد.بحران.منطقه7,1399/08/19,8
ستاد.بحران.منطقه7,1399/08/20,5
ستاد.بحران.منطقه7,1399/08/21,4
ستاد.بحران.منطقه7,1399/08/22,4
ستاد.بحران.منطقه7,1399/08/23,4
ستاد.بحران.منطقه7,1399/08/24,3
ستاد.بحران.منطقه7,1399/08/25,5
ستاد.بحران.منطقه7,1399/08/26,4
ستاد.بحران.منطقه7,1399/08/27,6
ستاد.بحران.منطقه7,1399/08/28,5
ستاد.بحران.منطقه7,1399/08/29,5
ستاد.بحران.منطقه7,1399/08/30,5
ستاد.بحران.منطقه7,1399/09/01,3
ستاد.بحران.منطقه7,1399/09/02,9
ستاد.بحران.منطقه7,1399/09/03,13
ستاد.بحران.منطقه7,1399/09/04,8
ستاد.بحران.منطقه7,1399/09/05,8
ستاد.بحران.منطقه7,1399/09/06,12
ستاد.بحران.منطقه7,1399/09/07,8
ستاد.بحران.منطقه7,1399/09/08,10
ستاد.بحران.منطقه7,1399/09/09,4
ستاد.بحران.منطقه7,1399/09/10,5
ستاد.بحران.منطقه7,1399/09/11,9
ستاد.بحران.منطقه7,1399/09/12,9
ستاد.بحران.منطقه7,1399/09/13,7
ستاد.بحران.منطقه7,1399/09/14,8
ستاد.بحران.منطقه7,1399/09/15,7
ستاد.بحران.منطقه7,1399/09/16,4
ستاد.بحران.منطقه7,1399/09/17,4
ستاد.بحران.منطقه7,1399/09/18,7
ستاد.بحران.منطقه7,1399/09/19,7
ستاد.بحران.منطقه7,1399/09/20,13
ستاد.بحران.منطقه7,1399/09/21,8
ستاد.بحران.منطقه7,1399/09/22,10
ستاد.بحران.منطقه7,1399/09/23,10
ستاد.بحران.منطقه7,1399/09/24,9
ستاد.بحران.منطقه7,1399/09/25,15
ستاد.بحران.منطقه7,1399/09/26,8
ستاد.بحران.منطقه7,1399/09/27,13
ستاد.بحران.منطقه7,1399/09/28,10
ستاد.بحران.منطقه7,1399/09/29,4
ستاد.بحران.منطقه7,1399/09/30,8
ستاد.بحران.منطقه7,1399/10/01,8
ستاد.بحران.منطقه7,1399/10/02,10
ستاد.بحران.منطقه7,1399/10/03,12
ستاد.بحران.منطقه7,1399/10/04,5
ستاد.بحران.منطقه7,1399/10/05,2
ستاد.بحران.منطقه7,1399/10/06,7
ستاد.بحران.منطقه7,1399/10/07,11
ستاد.بحران.منطقه7,1399/10/08,10
ستاد.بحران.منطقه7,1399/10/09,19
ستاد.بحران.منطقه7,1399/10/10,12
ستاد.بحران.منطقه7,1399/10/11,12
ستاد.بحران.منطقه7,1399/10/12,10
ستاد.بحران.منطقه7,1399/10/13,15
ستاد.بحران.منطقه7,1399/10/14,10
ستاد.بحران.منطقه7,1399/10/15,8
ستاد.بحران.منطقه7,1399/10/16,6
ستاد.بحران.منطقه7,1399/10/17,7
ستاد.بحران.منطقه7,1399/10/18,11
ستاد.بحران.منطقه7,1399/10/19,9
ستاد.بحران.منطقه7,1399/10/20,9
ستاد.بحران.منطقه7,1399/10/21,11
ستاد.بحران.منطقه7,1399/10/22,10
ستاد.بحران.منطقه7,1399/10/23,13
ستاد.بحران.منطقه7,1399/10/24,12
ستاد.بحران.منطقه7,1399/10/25,8
ستاد.بحران.منطقه7,1399/10/26,7
ستاد.بحران.منطقه7,1399/10/27,5
ستاد.بحران.منطقه7,1399/10/28,6
ستاد.بحران.منطقه7,1399/10/29,4
ستاد.بحران.منطقه7,1399/10/30,4
ستاد.بحران.منطقه7,1399/11/01,7
ستاد.بحران.منطقه7,1399/11/02,5
ستاد.بحران.منطقه7,1399/11/03,5
ستاد.بحران.منطقه7,1399/11/04,6
ستاد.بحران.منطقه7,1399/11/05,6
ستاد.بحران.منطقه7,1399/11/06,12
ستاد.بحران.منطقه7,1399/11/07,10
ستاد.بحران.منطقه7,1399/11/08,10
ستاد.بحران.منطقه7,1399/11/09,18
ستاد.بحران.منطقه7,1399/11/10,11
ستاد.بحران.منطقه7,1399/11/11,4
ستاد.بحران.منطقه7,1399/11/12,8
ستاد.بحران.منطقه7,1399/11/13,6
ستاد.بحران.منطقه7,1399/11/14,6
ستاد.بحران.منطقه7,1399/11/15,9
ستاد.بحران.منطقه7,1399/11/16,7
ستاد.بحران.منطقه7,1399/11/17,5
ستاد.بحران.منطقه7,1399/11/18,3
ستاد.بحران.منطقه7,1399/11/19,4
ستاد.بحران.منطقه7,1399/11/20,6
ستاد.بحران.منطقه7,1399/11/21,7
ستاد.بحران.منطقه7,1399/11/22,7
ستاد.بحران.منطقه7,1399/11/23,6
ستاد.بحران.منطقه7,1399/11/24,5
ستاد.بحران.منطقه7,1399/11/25,5
ستاد.بحران.منطقه7,1399/11/26,7
ستاد.بحران.منطقه7,1399/11/27,5
ستاد.بحران.منطقه7,1399/11/28,6
ستاد.بحران.منطقه7,1399/11/29,6
ستاد.بحران.منطقه7,1399/11/30,3
ستاد.بحران.منطقه7,1399/12/01,4
ستاد.بحران.منطقه7,1399/12/02,4
ستاد.بحران.منطقه7,1399/12/03,3
ستاد.بحران.منطقه7,1399/12/04,3
ستاد.بحران.منطقه7,1399/12/05,7
ستاد.بحران.منطقه7,1399/12/06,6
ستاد.بحران.منطقه7,1399/12/07,5
ستاد.بحران.منطقه7,1399/12/08,3
ستاد.بحران.منطقه7,1399/12/09,7
ستاد.بحران.منطقه7,1399/12/10,6
ستاد.بحران.منطقه7,1399/12/11,6
ستاد.بحران.منطقه7,1399/12/12,4
ستاد.بحران.منطقه7,1399/12/13,4
ستاد.بحران.منطقه7,1399/12/14,5
ستاد.بحران.منطقه7,1399/12/15,5
ستاد.بحران.منطقه7,1399/12/16,5
ستاد.بحران.منطقه7,1399/12/17,5
ستاد.بحران.منطقه7,1399/12/18,7
ستاد.بحران.منطقه7,1399/12/19,4
ستاد.بحران.منطقه7,1399/12/20,6
ستاد.بحران.منطقه7,1399/12/21,6
ستاد.بحران.منطقه7,1399/12/22,2
ستاد.بحران.منطقه7,1399/12/23,3
ستاد.بحران.منطقه7,1399/12/24,6
ستاد.بحران.منطقه7,1399/12/25,8
ستاد.بحران.منطقه7,1399/12/26,10
ستاد.بحران.منطقه7,1399/12/27,3
ستاد.بحران.منطقه7,1399/12/28,3
ستاد.بحران.منطقه7,1399/12/29,3
ستاد.بحران.منطقه7,1399/12/30,4
ستاد.بحران.منطقه7,1400/01/01,3
ستاد.بحران.منطقه7,1400/01/02,3
ستاد.بحران.منطقه7,1400/01/03,3
ستاد.بحران.منطقه7,1400/01/04,3
ستاد.بحران.منطقه7,1400/01/05,4
ستاد.بحران.منطقه7,1400/01/06,3
ستاد.بحران.منطقه7,1400/01/07,3
ستاد.بحران.منطقه7,1400/01/08,3
ستاد.بحران.منطقه7,1400/01/09,5
ستاد.بحران.منطقه7,1400/01/10,3
ستاد.بحران.منطقه7,1400/01/11,4
ستاد.بحران.منطقه7,1400/01/12,7
ستاد.بحران.منطقه7,1400/01/13,4
ستاد.بحران.منطقه7,1400/01/14,5
ستاد.بحران.منطقه7,1400/01/15,4
ستاد.بحران.منطقه7,1400/01/16,5
ستاد.بحران.منطقه7,1400/01/17,4
ستاد.بحران.منطقه7,1400/01/18,5
ستاد.بحران.منطقه7,1400/01/19,6
ستاد.بحران.منطقه7,1400/01/20,3
ستاد.بحران.منطقه7,1400/01/21,5
ستاد.بحران.منطقه7,1400/01/22,4
ستاد.بحران.منطقه7,1400/01/23,2
ستاد.بحران.منطقه7,1400/01/24,3
ستاد.بحران.منطقه7,1400/01/25,4
ستاد.بحران.منطقه7,1400/01/26,3
ستاد.بحران.منطقه7,1400/01/27,3
ستاد.بحران.منطقه7,1400/01/28,5
ستاد.بحران.منطقه7,1400/01/29,4
ستاد.بحران.منطقه7,1400/01/30,4
ستاد.بحران.منطقه7,1400/01/31,6
ستاد.بحران.منطقه7,1400/02/01,4
ستاد.بحران.منطقه7,1400/02/02,5
ستاد.بحران.منطقه7,1400/02/03,5
ستاد.بحران.منطقه7,1400/02/04,4
ستاد.بحران.منطقه7,1400/02/05,3
ستاد.بحران.منطقه7,1400/02/06,4
ستاد.بحران.منطقه7,1400/02/07,4
ستاد.بحران.منطقه7,1400/02/08,4
ستاد.بحران.منطقه7,1400/02/09,3
ستاد.بحران.منطقه7,1400/02/10,3
ستاد.بحران.منطقه7,1400/02/11,4
ستاد.بحران.منطقه7,1400/02/12,3
ستاد.بحران.منطقه7,1400/02/13,2
ستاد.بحران.منطقه7,1400/02/14,4
ستاد.بحران.منطقه7,1400/02/15,5
ستاد.بحران.منطقه7,1400/02/16,3
ستاد.بحران.منطقه7,1400/02/17,3
ستاد.بحران.منطقه7,1400/02/18,4
ستاد.بحران.منطقه7,1400/02/19,6
ستاد.بحران.منطقه7,1400/02/20,4
ستاد.بحران.منطقه7,1400/02/21,4
ستاد.بحران.منطقه7,1400/02/22,5
ستاد.بحران.منطقه7,1400/02/23,3
ستاد.بحران.منطقه7,1400/02/24,5
ستاد.بحران.منطقه7,1400/02/25,5
ستاد.بحران.منطقه7,1400/02/26,5
ستاد.بحران.منطقه7,1400/02/27,5
ستاد.بحران.منطقه7,1400/02/28,6
ستاد.بحران.منطقه7,1400/02/29,6
ستاد.بحران.منطقه7,1400/02/30,4
ستاد.بحران.منطقه7,1400/02/31,5
ستاد.بحران.منطقه7,1400/03/01,4
ستاد.بحران.منطقه7,1400/03/02,5
ستاد.بحران.منطقه7,1400/03/03,5
ستاد.بحران.منطقه7,1400/03/04,4
ستاد.بحران.منطقه7,1400/03/05,4
ستاد.بحران.منطقه7,1400/03/06,4
ستاد.بحران.منطقه7,1400/03/07,4
ستاد.بحران.منطقه7,1400/03/08,3
ستاد.بحران.منطقه7,1400/03/09,5
ستاد.بحران.منطقه7,1400/03/10,5
ستاد.بحران.منطقه7,1400/03/11,5
ستاد.بحران.منطقه7,1400/03/12,5
ستاد.بحران.منطقه7,1400/03/13,6
ستاد.بحران.منطقه7,1400/03/14,4
ستاد.بحران.منطقه7,1400/03/15,3
ستاد.بحران.منطقه7,1400/03/16,4
ستاد.بحران.منطقه7,1400/03/17,5
ستاد.بحران.منطقه7,1400/03/18,5
ستاد.بحران.منطقه7,1400/03/19,4
ستاد.بحران.منطقه7,1400/03/20,4
ستاد.بحران.منطقه7,1400/03/21,4
ستاد.بحران.منطقه7,1400/03/22,5
ستاد.بحران.منطقه7,1400/03/23,6
ستاد.بحران.منطقه7,1400/03/24,4
ستاد.بحران.منطقه7,1400/03/25,5
ستاد.بحران.منطقه7,1400/03/26,4
ستاد.بحران.منطقه7,1400/03/27,4
ستاد.بحران.منطقه7,1400/03/28,5
ستاد.بحران.منطقه7,1400/03/29,4
ستاد.بحران.منطقه7,1400/03/30,2
ستاد.بحران.منطقه7,1400/03/31,4
ستاد.بحران.منطقه7,1400/04/01,4
ستاد.بحران.منطقه7,1400/04/02,4
ستاد.بحران.منطقه7,1400/04/03,4
ستاد.بحران.منطقه7,1400/04/04,3
ستاد.بحران.منطقه7,1400/04/05,5
ستاد.بحران.منطقه7,1400/04/06,3
ستاد.بحران.منطقه7,1400/04/07,2
ستاد.بحران.منطقه7,1400/04/08,3
ستاد.بحران.منطقه7,1400/04/09,3
ستاد.بحران.منطقه7,1400/04/10,4
ستاد.بحران.منطقه7,1400/04/11,2
ستاد.بحران.منطقه7,1400/04/12,4
ستاد.بحران.منطقه7,1400/04/13,4
ستاد.بحران.منطقه7,1400/04/14,2
ستاد.بحران.منطقه7,1400/04/15,4
ستاد.بحران.منطقه7,1400/04/16,5
ستاد.بحران.منطقه7,1400/04/17,4
ستاد.بحران.منطقه7,1400/04/18,5
ستاد.بحران.منطقه7,1400/04/19,4
ستاد.بحران.منطقه7,1400/04/20,4
ستاد.بحران.منطقه7,1400/04/21,4
ستاد.بحران.منطقه7,1400/04/22,4
ستاد.بحران.منطقه7,1400/04/23,3
ستاد.بحران.منطقه7,1400/04/24,3
ستاد.بحران.منطقه7,1400/04/25,5
ستاد.بحران.منطقه7,1400/04/26,3
ستاد.بحران.منطقه7,1400/04/27,5
ستاد.بحران.منطقه7,1400/04/28,4
ستاد.بحران.منطقه7,1400/04/29,4
ستاد.بحران.منطقه7,1400/04/30,3
ستاد.بحران.منطقه7,1400/04/31,4
ستاد.بحران.منطقه7,1400/05/01,4
ستاد.بحران.منطقه7,1400/05/02,4
ستاد.بحران.منطقه7,1400/05/03,4
ستاد.بحران.منطقه7,1400/05/04,5
ستاد.بحران.منطقه7,1400/05/05,4
ستاد.بحران.منطقه7,1400/05/06,4
ستاد.بحران.منطقه7,1400/05/07,3
ستاد.بحران.منطقه7,1400/05/08,4
ستاد.بحران.منطقه7,1400/05/09,4
ستاد.بحران.منطقه7,1400/05/10,3
ستاد.بحران.منطقه7,1400/05/11,5
ستاد.بحران.منطقه7,1400/05/12,3
ستاد.بحران.منطقه7,1400/05/13,4
ستاد.بحران.منطقه7,1400/05/14,4
ستاد.بحران.منطقه7,1400/05/15,4
ستاد.بحران.منطقه7,1400/05/16,4
ستاد.بحران.منطقه7,1400/05/17,3
ستاد.بحران.منطقه7,1400/05/18,4
ستاد.بحران.منطقه7,1400/05/19,5
ستاد.بحران.منطقه7,1400/05/20,5
ستاد.بحران.منطقه7,1400/05/21,6
ستاد.بحران.منطقه7,1400/05/22,4
ستاد.بحران.منطقه7,1400/05/23,6
ستاد.بحران.منطقه7,1400/05/24,5
ستاد.بحران.منطقه7,1400/05/25,5
ستاد.بحران.منطقه7,1400/05/26,3
ستاد.بحران.منطقه7,1400/05/27,5
ستاد.بحران.منطقه7,1400/05/28,4
ستاد.بحران.منطقه7,1400/05/29,4
ستاد.بحران.منطقه7,1400/05/30,4
ستاد.بحران.منطقه7,1400/05/31,3
ستاد.بحران.منطقه7,1400/06/01,5
ستاد.بحران.منطقه7,1400/06/02,4
ستاد.بحران.منطقه7,1400/06/03,4
ستاد.بحران.منطقه7,1400/06/04,4
ستاد.بحران.منطقه7,1400/06/05,4
ستاد.بحران.منطقه7,1400/06/06,4
ستاد.بحران.منطقه7,1400/06/07,7
ستاد.بحران.منطقه7,1400/06/08,5
ستاد.بحران.منطقه7,1400/06/09,4
ستاد.بحران.منطقه7,1400/06/10,5
ستاد.بحران.منطقه7,1400/06/11,4
ستاد.بحران.منطقه7,1400/06/12,5
ستاد.بحران.منطقه7,1400/06/13,6
ستاد.بحران.منطقه7,1400/06/14,4
ستاد.بحران.منطقه7,1400/06/15,3
ستاد.بحران.منطقه7,1400/06/16,5
ستاد.بحران.منطقه7,1400/06/17,5
ستاد.بحران.منطقه7,1400/06/18,6
ستاد.بحران.منطقه7,1400/06/19,5
ستاد.بحران.منطقه7,1400/06/20,5
ستاد.بحران.منطقه7,1400/06/21,6
ستاد.بحران.منطقه7,1400/06/22,6
ستاد.بحران.منطقه7,1400/06/23,4
ستاد.بحران.منطقه7,1400/06/24,4
ستاد.بحران.منطقه7,1400/06/25,6
ستاد.بحران.منطقه7,1400/06/26,5
ستاد.بحران.منطقه7,1400/06/27,5
ستاد.بحران.منطقه7,1400/06/28,5
ستاد.بحران.منطقه7,1400/06/29,5
ستاد.بحران.منطقه7,1400/06/30,6
ستاد.بحران.منطقه7,1400/06/31,6
ستاد.بحران.منطقه7,1400/07/01,4
ستاد.بحران.منطقه7,1400/07/02,7
ستاد.بحران.منطقه7,1400/07/03,6
ستاد.بحران.منطقه7,1400/07/04,5
ستاد.بحران.منطقه7,1400/07/05,6
ستاد.بحران.منطقه7,1400/07/06,6
ستاد.بحران.منطقه7,1400/07/07,5
ستاد.بحران.منطقه7,1400/07/08,7
ستاد.بحران.منطقه7,1400/07/09,6
ستاد.بحران.منطقه7,1400/07/10,6
ستاد.بحران.منطقه7,1400/07/11,6
ستاد.بحران.منطقه7,1400/07/12,4
ستاد.بحران.منطقه7,1400/07/13,5
ستاد.بحران.منطقه7,1400/07/14,4
ستاد.بحران.منطقه7,1400/07/15,3
ستاد.بحران.منطقه7,1400/07/16,3
ستاد.بحران.منطقه7,1400/07/17,5
ستاد.بحران.منطقه7,1400/07/18,6
ستاد.بحران.منطقه7,1400/07/19,7
ستاد.بحران.منطقه7,1400/07/20,8
ستاد.بحران.منطقه7,1400/07/21,4
ستاد.بحران.منطقه7,1400/07/22,6
ستاد.بحران.منطقه7,1400/07/23,5
ستاد.بحران.منطقه7,1400/07/24,6
ستاد.بحران.منطقه7,1400/07/25,21
ستاد.بحران.منطقه7,1400/07/26,
ستاد.بحران.منطقه7,1400/07/27,
ستاد.بحران.منطقه7,1400/07/28,
ستاد.بحران.منطقه7,1400/07/29,
ستاد.بحران.منطقه7,1400/07/30,
ستاد.بحران.منطقه7,1400/08/01,
ستاد.بحران.منطقه7,1400/08/02,
ستاد.بحران.منطقه7,1400/08/03,
ستاد.بحران.منطقه7,1400/08/04,
ستاد.بحران.منطقه7,1400/08/05,
ستاد.بحران.منطقه7,1400/08/06,
ستاد.بحران.منطقه7,1400/08/07,
ستاد.بحران.منطقه7,1400/08/08,
ستاد.بحران.منطقه7,1400/08/09,
ستاد.بحران.منطقه7,1400/08/10,
ستاد.بحران.منطقه7,1400/08/11,
ستاد.بحران.منطقه7,1400/08/12,8
ستاد.بحران.منطقه7,1400/08/13,8
ستاد.بحران.منطقه7,1400/08/14,4
ستاد.بحران.منطقه7,1400/08/15,3
ستاد.بحران.منطقه7,1400/08/16,3
ستاد.بحران.منطقه7,1400/08/17,5
ستاد.بحران.منطقه7,1400/08/18,7
ستاد.بحران.منطقه7,1400/08/19,10
ستاد.بحران.منطقه7,1400/08/20,10
ستاد.بحران.منطقه7,1400/08/21,7
ستاد.بحران.منطقه7,1400/08/22,7
ستاد.بحران.منطقه7,1400/08/23,8
ستاد.بحران.منطقه7,1400/08/24,8
ستاد.بحران.منطقه7,1400/08/25,4
ستاد.بحران.منطقه7,1400/08/26,6
ستاد.بحران.منطقه7,1400/08/27,6
ستاد.بحران.منطقه7,1400/08/28,9
ستاد.بحران.منطقه7,1400/08/29,7
ستاد.بحران.منطقه7,1400/08/30,14
ستاد.بحران.منطقه7,1400/09/01,7
ستاد.بحران.منطقه7,1400/09/02,11
ستاد.بحران.منطقه7,1400/09/03,7
ستاد.بحران.منطقه7,1400/09/04,12
ستاد.بحران.منطقه7,1400/09/05,8
ستاد.بحران.منطقه7,1400/09/06,6
ستاد.بحران.منطقه7,1400/09/07,10
ستاد.بحران.منطقه7,1400/09/08,10
ستاد.بحران.منطقه7,1400/09/09,9
ستاد.بحران.منطقه7,1400/09/10,13
ستاد.بحران.منطقه7,1400/09/11,5
ستاد.بحران.منطقه7,1400/09/12,4
ستاد.بحران.منطقه7,1400/09/13,3
ستاد.بحران.منطقه7,1400/09/14,12
ستاد.بحران.منطقه7,1400/09/15,9
ستاد.بحران.منطقه7,1400/09/16,8
ستاد.بحران.منطقه7,1400/09/17,12
ستاد.بحران.منطقه7,1400/09/18,11
ستاد.بحران.منطقه7,1400/09/19,10
ستاد.بحران.منطقه7,1400/09/20,7
ستاد.بحران.منطقه7,1400/09/21,18
ستاد.بحران.منطقه7,1400/09/22,12
ستاد.بحران.منطقه7,1400/09/23,12
ستاد.بحران.منطقه7,1400/09/24,6
ستاد.بحران.منطقه7,1400/09/25,11
ستاد.بحران.منطقه7,1400/09/26,11
ستاد.بحران.منطقه7,1400/09/27,5
ستاد.بحران.منطقه7,1400/09/28,5
ستاد.بحران.منطقه7,1400/09/29,6
ستاد.بحران.منطقه7,1400/09/30,5
ستاد.بحران.منطقه7,1400/10/01,6
ستاد.بحران.منطقه7,1400/10/02,6
ستاد.بحران.منطقه7,1400/10/03,6
ستاد.بحران.منطقه7,1400/10/04,6
ستاد.بحران.منطقه7,1400/10/05,9
ستاد.بحران.منطقه7,1400/10/06,9
ستاد.بحران.منطقه7,1400/10/07,11
ستاد.بحران.منطقه7,1400/10/08,9
ستاد.بحران.منطقه7,1400/10/09,12
ستاد.بحران.منطقه7,1400/10/10,11
ستاد.بحران.منطقه7,1400/10/11,23
ستاد.بحران.منطقه7,1400/10/12,11
ستاد.بحران.منطقه7,1400/10/13,10
ستاد.بحران.منطقه7,1400/10/14,8
ستاد.بحران.منطقه7,1400/10/15,8
ستاد.بحران.منطقه7,1400/10/16,11
ستاد.بحران.منطقه7,1400/10/17,9
ستاد.بحران.منطقه7,1400/10/18,15
ستاد.بحران.منطقه7,1400/10/19,14
ستاد.بحران.منطقه7,1400/10/20,10
ستاد.بحران.منطقه7,1400/10/21,15
ستاد.بحران.منطقه7,1400/10/22,11
ستاد.بحران.منطقه7,1400/10/23,14
ستاد.بحران.منطقه7,1400/10/24,8
ستاد.بحران.منطقه7,1400/10/25,9
ستاد.بحران.منطقه7,1400/10/26,8
ستاد.بحران.منطقه7,1400/10/27,8
ستاد.بحران.منطقه7,1400/10/28,11
ستاد.بحران.منطقه7,1400/10/29,15
ستاد.بحران.منطقه7,1400/10/30,12
ستاد.بحران.منطقه7,1400/11/01,9
ستاد.بحران.منطقه7,1400/11/02,14
ستاد.بحران.منطقه7,1400/11/03,15
ستاد.بحران.منطقه7,1400/11/04,16
ستاد.بحران.منطقه7,1400/11/05,14
ستاد.بحران.منطقه7,1400/11/06,9
ستاد.بحران.منطقه7,1400/11/07,7
ستاد.بحران.منطقه7,1400/11/08,8
ستاد.بحران.منطقه7,1400/11/09,11
ستاد.بحران.منطقه7,1400/11/10,8
ستاد.بحران.منطقه7,1400/11/11,11
ستاد.بحران.منطقه7,1400/11/12,8
ستاد.بحران.منطقه7,1400/11/13,10
ستاد.بحران.منطقه7,1400/11/14,11
ستاد.بحران.منطقه7,1400/11/15,15
ستاد.بحران.منطقه7,1400/11/16,5
ستاد.بحران.منطقه7,1400/11/17,9
ستاد.بحران.منطقه7,1400/11/18,11
ستاد.بحران.منطقه7,1400/11/19,11
ستاد.بحران.منطقه7,1400/11/20,8
ستاد.بحران.منطقه7,1400/11/21,10
ستاد.بحران.منطقه7,1400/11/22,4
ستاد.بحران.منطقه7,1400/11/23,8
ستاد.بحران.منطقه7,1400/11/24,9
ستاد.بحران.منطقه7,1400/11/25,7
ستاد.بحران.منطقه7,1400/11/26,11
ستاد.بحران.منطقه7,1400/11/27,8
ستاد.بحران.منطقه7,1400/11/28,6
ستاد.بحران.منطقه7,1400/11/29,8
ستاد.بحران.منطقه7,1400/11/30,9
ستاد.بحران.منطقه7,1400/12/01,4
ستاد.بحران.منطقه7,1400/12/02,6
ستاد.بحران.منطقه7,1400/12/03,6
ستاد.بحران.منطقه7,1400/12/04,8
ستاد.بحران.منطقه7,1400/12/05,6
ستاد.بحران.منطقه7,1400/12/06,4
ستاد.بحران.منطقه7,1400/12/07,5
ستاد.بحران.منطقه7,1400/12/08,7
ستاد.بحران.منطقه7,1400/12/09,6
ستاد.بحران.منطقه7,1400/12/10,6
ستاد.بحران.منطقه7,1400/12/11,7
ستاد.بحران.منطقه7,1400/12/12,9
ستاد.بحران.منطقه7,1400/12/13,4
ستاد.بحران.منطقه7,1400/12/14,5
ستاد.بحران.منطقه7,1400/12/15,5
ستاد.بحران.منطقه7,1400/12/16,5
ستاد.بحران.منطقه7,1400/12/17,5
ستاد.بحران.منطقه7,1400/12/18,6
ستاد.بحران.منطقه7,1400/12/19,6
ستاد.بحران.منطقه7,1400/12/20,6
ستاد.بحران.منطقه7,1400/12/21,5
ستاد.بحران.منطقه7,1400/12/22,6
ستاد.بحران.منطقه7,1400/12/23,4
ستاد.بحران.منطقه7,1400/12/24,7
ستاد.بحران.منطقه7,1400/12/25,5
ستاد.بحران.منطقه7,1400/12/26,5
ستاد.بحران.منطقه7,1400/12/27,7
ستاد.بحران.منطقه7,1400/12/28,6
ستاد.بحران.منطقه7,1400/12/29,5
ستاد.بحران.منطقه7,1401/01/01,3
ستاد.بحران.منطقه7,1401/01/02,6
ستاد.بحران.منطقه7,1401/01/03,6
ستاد.بحران.منطقه7,1401/01/04,6
ستاد.بحران.منطقه7,1401/01/05,6
ستاد.بحران.منطقه7,1401/01/06,4
ستاد.بحران.منطقه7,1401/01/07,5
ستاد.بحران.منطقه7,1401/01/08,4
ستاد.بحران.منطقه7,1401/01/09,6
ستاد.بحران.منطقه7,1401/01/10,8
ستاد.بحران.منطقه7,1401/01/11,4
ستاد.بحران.منطقه7,1401/01/12,5
ستاد.بحران.منطقه7,1401/01/13,
ستاد.بحران.منطقه7,1401/01/14,6
ستاد.بحران.منطقه7,1401/01/15,6
ستاد.بحران.منطقه7,1401/01/16,5
ستاد.بحران.منطقه7,1401/01/17,6
ستاد.بحران.منطقه7,1401/01/18,6
ستاد.بحران.منطقه7,1401/01/19,5
ستاد.بحران.منطقه7,1401/01/20,7
ستاد.بحران.منطقه7,1401/01/21,6
ستاد.بحران.منطقه7,1401/01/22,12
ستاد.بحران.منطقه7,1401/01/23,7
ستاد.بحران.منطقه7,1401/01/24,6
ستاد.بحران.منطقه7,1401/01/25,8
ستاد.بحران.منطقه7,1401/01/26,6
ستاد.بحران.منطقه7,1401/01/27,5
ستاد.بحران.منطقه7,1401/01/28,7
ستاد.بحران.منطقه7,1401/01/29,13
ستاد.بحران.منطقه7,1401/01/30,17
ستاد.بحران.منطقه7,1401/01/31,12
ستاد.بحران.منطقه7,1401/02/01,7
ستاد.بحران.منطقه7,1401/02/02,5
ستاد.بحران.منطقه7,1401/02/03,8
ستاد.بحران.منطقه7,1401/02/04,5
ستاد.بحران.منطقه7,1401/02/05,8
ستاد.بحران.منطقه7,1401/02/06,5
ستاد.بحران.منطقه7,1401/02/07,4
ستاد.بحران.منطقه7,1401/02/08,5
ستاد.بحران.منطقه7,1401/02/09,5
ستاد.بحران.منطقه7,1401/02/10,4
ستاد.بحران.منطقه7,1401/02/11,4
ستاد.بحران.منطقه7,1401/02/12,5
ستاد.بحران.منطقه7,1401/02/13,5
ستاد.بحران.منطقه7,1401/02/14,4
ستاد.بحران.منطقه7,1401/02/15,6
ستاد.بحران.منطقه7,1401/02/16,4
ستاد.بحران.منطقه7,1401/02/17,5
ستاد.بحران.منطقه7,1401/02/18,4
ستاد.بحران.منطقه7,1401/02/19,7
ستاد.بحران.منطقه7,1401/02/20,8
ستاد.بحران.منطقه7,1401/02/21,2
ستاد.بحران.منطقه7,1401/02/22,8
ستاد.بحران.منطقه7,1401/02/23,6
ستاد.بحران.منطقه7,1401/02/24,6
ستاد.بحران.منطقه7,1401/02/25,3
ستاد.بحران.منطقه7,1401/02/26,10
ستاد.بحران.منطقه7,1401/02/27,9
ستاد.بحران.منطقه7,1401/02/28,7
ستاد.بحران.منطقه7,1401/02/29,8
ستاد.بحران.منطقه7,1401/02/30,12
ستاد.بحران.منطقه7,1401/02/31,5
ستاد.بحران.منطقه7,1401/03/01,9
ستاد.بحران.منطقه7,1401/03/02,7
ستاد.بحران.منطقه7,1401/03/03,7
ستاد.بحران.منطقه7,1401/03/04,7
ستاد.بحران.منطقه7,1401/03/05,8
ستاد.بحران.منطقه7,1401/03/06,13
ستاد.بحران.منطقه7,1401/03/07,15
ستاد.بحران.منطقه7,1401/03/08,12
ستاد.بحران.منطقه7,1401/03/09,5
ستاد.بحران.منطقه7,1401/03/14,12
ستاد.بحران.منطقه7,1401/03/15,13
ستاد.بحران.منطقه7,1401/03/16,9
ستاد.بحران.منطقه7,1401/03/17,9
ستاد.بحران.منطقه7,1401/03/18,11
ستاد.بحران.منطقه7,1401/03/19,9
ستاد.بحران.منطقه7,1401/03/20,6
ستاد.بحران.منطقه7,1401/03/21,5
ستاد.بحران.منطقه7,1401/03/22,7
ستاد.بحران.منطقه7,1401/03/23,6
ستاد.بحران.منطقه7,1401/03/24,8
ستاد.بحران.منطقه7,1401/03/25,5
ستاد.بحران.منطقه7,1401/03/26,4
ستاد.بحران.منطقه7,1401/03/27,7
ستاد.بحران.منطقه7,1401/03/28,7
ستاد.بحران.منطقه7,1401/03/29,3
ستاد.بحران.منطقه7,1401/03/30,4
ستاد.بحران.منطقه7,1401/03/31,3
ستاد.بحران.منطقه7,1401/04/01,
ستاد.بحران.منطقه7,1401/04/02,9
ستاد.بحران.منطقه7,1401/04/03,8
ستاد.بحران.منطقه7,1401/04/04,8
ستاد.بحران.منطقه7,1401/04/05,9
ستاد.بحران.منطقه7,1401/04/06,11
ستاد.بحران.منطقه7,1401/04/07,
ستاد.بحران.منطقه7,1401/04/08,12
ستاد.بحران.منطقه7,1401/04/09,6
ستاد.بحران.منطقه7,1401/04/10,5
ستاد.بحران.منطقه7,1401/04/11,6
ستاد.بحران.منطقه7,1401/04/12,5
ستاد.بحران.منطقه7,1401/04/13,4
ستاد.بحران.منطقه7,1401/04/14,5
ستاد.بحران.منطقه7,1401/04/15,6
ستاد.بحران.منطقه7,1401/04/16,6
ستاد.بحران.منطقه7,1401/04/17,6
ستاد.بحران.منطقه7,1401/04/18,4
ستاد.بحران.منطقه7,1401/04/19,6
ستاد.بحران.منطقه7,1401/04/20,6
ستاد.بحران.منطقه7,1401/04/21,5
ستاد.بحران.منطقه7,1401/04/22,7
ستاد.بحران.منطقه7,1401/04/23,7
ستاد.بحران.منطقه7,1401/04/24,7
ستاد.بحران.منطقه7,1401/04/25,11
ستاد.بحران.منطقه7,1401/04/26,9
ستاد.بحران.منطقه7,1401/04/27,7
ستاد.بحران.منطقه7,1401/04/28,7
ستاد.بحران.منطقه7,1401/04/29,8
ستاد.بحران.منطقه7,1401/04/30,6
ستاد.بحران.منطقه7,1401/04/31,5
ستاد.بحران.منطقه7,1401/05/01,5
ستاد.بحران.منطقه7,1401/05/02,6
ستاد.بحران.منطقه7,1401/05/03,7
ستاد.بحران.منطقه7,1401/05/04,5
ستاد.بحران.منطقه7,1401/05/05,5
ستاد.بحران.منطقه7,1401/05/06,4
ستاد.بحران.منطقه7,1401/05/07,3
ستاد.بحران.منطقه7,1401/05/08,2
ستاد.بحران.منطقه7,1401/05/09,3
ستاد.بحران.منطقه7,1401/05/10,3
ستاد.بحران.منطقه7,1401/05/11,3
ستاد.بحران.منطقه7,1401/05/12,3
ستاد.بحران.منطقه7,1401/05/13,2
ستاد.بحران.منطقه7,1401/05/14,2
ستاد.بحران.منطقه7,1401/05/15,3
ستاد.بحران.منطقه7,1401/05/16,3
ستاد.بحران.منطقه7,1401/05/17,2
ستاد.بحران.منطقه7,1401/05/18,3
ستاد.بحران.منطقه7,1401/05/19,2
ستاد.بحران.منطقه7,1401/05/20,2
ستاد.بحران.منطقه7,1401/05/21,2
ستاد.بحران.منطقه7,1401/05/22,3
ستاد.بحران.منطقه7,1401/05/23,2
ستاد.بحران.منطقه7,1401/05/24,2
ستاد.بحران.منطقه7,1401/05/25,2
ستاد.بحران.منطقه7,1401/05/26,3
ستاد.بحران.منطقه7,1401/05/27,2
ستاد.بحران.منطقه7,1401/05/28,3
ستاد.بحران.منطقه7,1401/05/29,2
ستاد.بحران.منطقه7,1401/05/30,3
ستاد.بحران.منطقه7,1401/05/31,3
ستاد.بحران.منطقه7,1401/06/01,3
ستاد.بحران.منطقه7,1401/06/02,3
ستاد.بحران.منطقه7,1401/06/03,2
ستاد.بحران.منطقه7,1401/06/04,3
ستاد.بحران.منطقه7,1401/06/05,3
ستاد.بحران.منطقه7,1401/06/06,
ستاد.بحران.منطقه7,1401/06/07,
ستاد.بحران.منطقه7,1401/06/08,3
ستاد.بحران.منطقه7,1401/06/09,5
ستاد.بحران.منطقه7,1401/06/10,6
ستاد.بحران.منطقه7,1401/06/11,5
ستاد.بحران.منطقه7,1401/06/12,5
ستاد.بحران.منطقه7,1401/06/13,6
ستاد.بحران.منطقه7,1401/06/14,8
ستاد.بحران.منطقه7,1401/06/15,6
ستاد.بحران.منطقه7,1401/06/16,4
ستاد.بحران.منطقه7,1401/06/17,5
ستاد.بحران.منطقه7,1401/06/18,6
ستاد.بحران.منطقه7,1401/06/19,5
ستاد.بحران.منطقه7,1401/06/20,6
ستاد.بحران.منطقه7,1401/06/21,7
ستاد.بحران.منطقه7,1401/06/22,5
ستاد.بحران.منطقه7,1401/06/23,7
ستاد.بحران.منطقه7,1401/06/24,7
ستاد.بحران.منطقه7,1401/06/25,5
ستاد.بحران.منطقه7,1401/06/26,3
ستاد.بحران.منطقه7,1401/06/27,4
ستاد.بحران.منطقه7,1401/06/28,7
ستاد.بحران.منطقه7,1401/06/29,5
ستاد.بحران.منطقه7,1401/06/30,5
ستاد.بحران.منطقه7,1401/06/31,5
ستاد.بحران.منطقه7,1401/07/01,4
ستاد.بحران.منطقه7,1401/07/02,7
ستاد.بحران.منطقه7,1401/07/03,6
ستاد.بحران.منطقه7,1401/07/04,5
ستاد.بحران.منطقه7,1401/07/05,5
ستاد.بحران.منطقه7,1401/07/06,4
ستاد.بحران.منطقه7,1401/07/07,7
ستاد.بحران.منطقه7,1401/07/08,4
ستاد.بحران.منطقه7,1401/07/09,6
ستاد.بحران.منطقه7,1401/07/10,4
ستاد.بحران.منطقه7,1401/07/11,5
ستاد.بحران.منطقه7,1401/07/12,7
ستاد.بحران.منطقه7,1401/07/13,5
ستاد.بحران.منطقه7,1401/07/14,4
ستاد.بحران.منطقه7,1401/07/15,5
ستاد.بحران.منطقه7,1401/07/16,7
ستاد.بحران.منطقه7,1401/07/17,4
ستاد.بحران.منطقه7,1401/07/18,6
ستاد.بحران.منطقه7,1401/07/19,7
ستاد.بحران.منطقه7,1401/07/20,5
ستاد.بحران.منطقه7,1401/07/21,4
ستاد.بحران.منطقه7,1401/07/22,5
ستاد.بحران.منطقه7,1401/07/23,6
ستاد.بحران.منطقه7,1401/07/24,6
ستاد.بحران.منطقه7,1401/07/25,7
ستاد.بحران.منطقه7,1401/07/26,7
ستاد.بحران.منطقه7,1401/07/27,6
ستاد.بحران.منطقه7,1401/07/28,8
ستاد.بحران.منطقه7,1401/07/29,8
ستاد.بحران.منطقه7,1401/07/30,5
ستاد.بحران.منطقه7,1401/08/01,6
ستاد.بحران.منطقه7,1401/08/02,7
ستاد.بحران.منطقه7,1401/08/03,6
ستاد.بحران.منطقه7,1401/08/04,9
ستاد.بحران.منطقه7,1401/08/05,8
ستاد.بحران.منطقه7,1401/08/06,7
ستاد.بحران.منطقه7,1401/08/07,6
ستاد.بحران.منطقه7,1401/08/08,8
ستاد.بحران.منطقه7,1401/08/09,5
ستاد.بحران.منطقه7,1401/08/10,4
ستاد.بحران.منطقه7,1401/08/11,6
ستاد.بحران.منطقه7,1401/08/12,5
ستاد.بحران.منطقه7,1401/08/13,4
ستاد.بحران.منطقه7,1401/08/14,5
ستاد.بحران.منطقه7,1401/08/15,5
ستاد.بحران.منطقه7,1401/08/16,6
ستاد.بحران.منطقه7,1401/08/17,7
ستاد.بحران.منطقه7,1401/08/18,7
ستاد.بحران.منطقه7,1401/08/19,6
ستاد.بحران.منطقه7,1401/08/20,4
ستاد.بحران.منطقه7,1401/08/21,7
ستاد.بحران.منطقه7,1401/08/22,6
ستاد.بحران.منطقه7,1401/08/23,5
ستاد.بحران.منطقه7,1401/08/24,8
ستاد.بحران.منطقه7,1401/08/25,8
ستاد.بحران.منطقه7,1401/08/26,5
ستاد.بحران.منطقه7,1401/08/27,4
ستاد.بحران.منطقه7,1401/08/28,6
ستاد.بحران.منطقه7,1401/08/29,10
ستاد.بحران.منطقه7,1401/08/30,6
ستاد.بحران.منطقه7,1401/09/01,7
ستاد.بحران.منطقه7,1401/09/02,6
ستاد.بحران.منطقه7,1401/09/03,8
ستاد.بحران.منطقه7,1401/09/04,6
ستاد.بحران.منطقه7,1401/09/05,6
ستاد.بحران.منطقه7,1401/09/06,5
ستاد.بحران.منطقه7,1401/09/07,5
ستاد.بحران.منطقه7,1401/09/08,7
ستاد.بحران.منطقه7,1401/09/09,7
ستاد.بحران.منطقه7,1401/09/10,7
ستاد.بحران.منطقه7,1401/09/11,6
ستاد.بحران.منطقه7,1401/09/12,6
ستاد.بحران.منطقه7,1401/09/13,4
ستاد.بحران.منطقه7,1401/09/14,4
ستاد.بحران.منطقه7,1401/09/15,5
ستاد.بحران.منطقه7,1401/09/16,5
ستاد.بحران.منطقه7,1401/09/17,11
ستاد.بحران.منطقه7,1401/09/18,7
ستاد.بحران.منطقه7,1401/09/19,8
ستاد.بحران.منطقه7,1401/09/20,12
ستاد.بحران.منطقه7,1401/09/21,11
ستاد.بحران.منطقه7,1401/09/22,18
ستاد.بحران.منطقه7,1401/09/23,39
ستاد.بحران.منطقه7,1401/09/24,19
ستاد.بحران.منطقه7,1401/09/25,17
ستاد.بحران.منطقه7,1401/09/26,8
ستاد.بحران.منطقه7,1401/09/27,21
ستاد.بحران.منطقه7,1401/09/28,9
ستاد.بحران.منطقه7,1401/09/29,16
ستاد.بحران.منطقه7,1401/09/30,7
ستاد.بحران.منطقه7,1401/10/01,8
ستاد.بحران.منطقه7,1401/10/02,6
ستاد.بحران.منطقه7,1401/10/03,4
ستاد.بحران.منطقه7,1401/10/04,5
ستاد.بحران.منطقه7,1401/10/05,9
ستاد.بحران.منطقه7,1401/10/06,5
ستاد.بحران.منطقه7,1401/10/07,9
ستاد.بحران.منطقه7,1401/10/08,15
ستاد.بحران.منطقه7,1401/10/09,11
ستاد.بحران.منطقه7,1401/10/10,13
